{
    "accuracy": 80.9375,
    "precision": 82.25112118692977,
    "recall": 80.9375,
    "f1_score": 80.24096790711644,
    "classification_report": {
        "glioma": {
            "precision": 0.9488188976377953,
            "recall": 0.6025,
            "f1-score": 0.7370030581039755,
            "support": 400.0
        },
        "meningioma": {
            "precision": 0.7117346938775511,
            "recall": 0.6975,
            "f1-score": 0.7045454545454546,
            "support": 400.0
        },
        "notumor": {
            "precision": 0.7803921568627451,
            "recall": 0.995,
            "f1-score": 0.8747252747252747,
            "support": 400.0
        },
        "pituitary": {
            "precision": 0.8490990990990991,
            "recall": 0.9425,
            "f1-score": 0.8933649289099526,
            "support": 400.0
        },
        "accuracy": 0.809375,
        "macro avg": {
            "precision": 0.8225112118692975,
            "recall": 0.809375,
            "f1-score": 0.8024096790711643,
            "support": 1600.0
        },
        "weighted avg": {
            "precision": 0.8225112118692977,
            "recall": 0.809375,
            "f1-score": 0.8024096790711645,
            "support": 1600.0
        }
    }
}